words_token,hashtags
"['의견', '장', '록', '습지', '보호', '지역', '지정', '토론회', '환경부']",환경
"['참여', '연대', '의장', '차량', '구입', '교체', '광양시', '의회', '의전', '용', '운행', '거리', '금액', '예산', '주유']",사건
"['공직자', '재산', '최', '한국', '의원', '억', '지난해', '보다', '늘어나', '나', '타', '나', '시장', '만원', '늘', 'ㄹ', '신', '전', '변동', '사항', '증가', '신고', '김']",선거
"['교육', '연구비', '광주', '교수']",교육
"['여성', '삶', '북구', '친화', '도시', '양성', '평등', '성', '사업', '사회적']",복지
"['전국', '표준', '단독', '주택', '공시', '가격', '상승', '서울', '상승률', '경기', '사업']",주거
"['억', '구조', '및', '구급', '감소', '지난해', '광', '양', '건수', '건']",안전
"['역사', '콘텐츠', '제작', '배포', '광주', '나', '아', '학생', '항일', '운동', '통하']",역사
"['위원장', '정의', '당', '광', '양', '지역', '자', '경선', '당원', '권', '환경', '정치']",선거
"['러시아', '상', '트페', '테', '르', '부르크', '국립', '음악원', '음악회', '월', '음악', '한국', '창', '예술', '창의']",문화
"['대출', '조', '천', '억', '중소기업', '소', '상공인', '자금', '보증', '금융', '기관', '연대', '폐지']",금융
"['신용', '등급', '광주', '은행', '중서', '민', '금융', '따', '아', '뜻', '대출', '상품']",금융
"['개소', '내년', '해제', '면적', '용역', '공원', '월', '지역', '집행', '계획', '시설', '개발', '중', '일원', '발행']",환경
"['광', '기업', '경기', '전망', '분기', '경제', '전', '악화', '응답', '예상']",산업
"['청년', '정책', '사업', '단체', '지원', '보조', '교육', '보조금', '추진', '집행']",복지
"['불법', '야영', '알', '니', '허가', '시설', '필요', '캠핑', '끄', 'ㄹ', '수변', '공원', '시민', '배알', '않', '곳', '장', '야영장', '자전거', '관광', '운영']",문화
"['조직위', '세계', '체육', '기자', '연맹', '총회', '광주', '수영', '대회', '협력', '사무총장', '국제', '스포츠', '월', '대하']",문화
"['노총', '광양시', '협약', '지역', '노동자', '관급', '공사', '우선', '고용', '장비', '사용', '건설', '노력']",고용
"['광양시', '단체', '환경', '문제', '관련', '입장', '확대', '포스', '코', '제기', '지역', '광양만', '해결']",환경
"['블랙', '핑크', '월드', '투어', '기아', '글로벌', '문화', '콘텐츠', '함께', '고객', '차', '마케팅']",문화
"['개', '월', '광주', '청년', '경험', '드림', '지원', '사업', '일자리', '사업장']",고용
"['카페', '거리', '참여', '문제', '동구', '상인', '설문', '결과', '동명동']",주거
"['페인트', '마무리', '옹벽', '벽화', '사업', '업체', '작업', '코팅', '꼼꼼']",문화
"['광주', '예식장', '탈의실', '몰', '카', '구속', '기소', '몰래', '카메라', '사범', '검찰', '따', '아', '르', '양형', '요소', '여성', '설치', '씨', '촬영']",사건
"['건', '접수', '해결', '소통', '방', '갈등', '주민', '마을', '분쟁', '센터', '화해']",안전
"['업체', '소', '상공인', '경영', '컨설팅', '참여', '매출', '컨설턴트', '성과', '지원']",산업
"['내일', '역량', '전', '남', '청년', '사업', '근로자']",근로
"['연구', '성능', '현재', '리튬이온', '배터리', '용량', '개발', '상용', '재료', '저장', '전기', '자동차']",산업
"['아동', '리얼', '돌', '수입', '판매', '금지', '의원', '성적', '제작', '보호']",사건
"['개', '아파트', '천', '지원', '상무', '소각장', '기금', '억', '주변', '주민', '지역', '사용']",복지
"['받', '어린이집', '보육', '지도', '감독', '대하', '의원', '질문', '어', '어서', '상', '주']",사건
"['조성', '동백', '숲', '백계', '산']",환경
"['출산', '가정', '건강관리', '사', '낳', '임', '부부', '임산부', '지원', '소득', '경제적', '부담', '확대', '기준', '중위', '대상', '최대', '이용', '받', '신청', '사업', '조기', '분만', '관련', '임신', '회', '수정', '배아']",복지
"['않', '집', '불', '혐의', '씨', '조사', '박', '경찰', '어머니']",사건
"['교사', '연수', '지역', '교육', '협력', '협약', '교육청', '조선대', '통', '하', '교원', '예비', '전문', '성', '양성', '김', '및']",교육
"['취약', '계층', '경로당', '건강', '관리', '폭염', '방문', '서비스']",의료
"['계엄군', '국가', '유공자', '취소', '공청회', '광주', '지정', '법']",역사
"['놀이', '어린이', '도서관', '체험']",문화
"['지난해', '결정', '공시', '가격', '개별', '주택', '심의', '의견']",주거
"['목포', '중앙', '시장', '화재', '현장', '보', '먹자', '골목', '개', '점포', '수산', '불', '식당', '피해', '불이', '붙', '가게', '소리', '나', '았', '소', '방', '기자']",사건
"['고객', '감사장', '농협', '금융', '보이스', '피', '싱', '사기', '예방', '은행', '직원', '받', '지', '부', '씨']",사건
"['광주', '신세계', '백', '팩', '졸업식', '인기', '트렌', '디', '천', '판매', '으', '며', '마']",산업
"['보호', '지역', '녀', '축사', '허가', '문제', '없', '최종', '승인', '전', '남도', '시도', '유형', '문화재', '제', '호', '룡', '리', '석불', '입상', '담양군', '보호법', '경관', '건립', '행위', '이전']",역사
"['천', '사회', '형', '어르신', '노인', '일자리', '및', '활동', '지원', '사업', '개', '시설']",고용
"['환자', '직원', '전문', '고용', '승계', '광양시', '요양', '병원', '운영']",의료
"['교통', '이용', '지역', '국도']",교통
"['안전', '들', '론', '시범', '공역', '사업', '산업', '비행']",산업
"['광양읍', '쾌적', '사회', '단체', '클린', '데이']",환경
"['광주', '경기', '전망', '지수', '분기', '인건비', '지역', '소매', '유통', '상승', '업체', '소비', '침체', '편의점', '체감']",산업
"['광', '양', '진주', '전철', '화', '사업', '조기', '착공', '경전선', '공동', '협력', '여수', '회의', '국회의원', '광양만', '권', '대응', '시장', '순천', '건의', '국가', '도로']",교통
"['광주', '교육청', '교사', '수업', '않', '실패', '혁신', '학생', '책', '사례', '아', '었', '공모']",교육
"['학교', '방학', '학사', '월', '졸업식', '초']",교육
"['월', '건립', '참여', '광', '양', '평화', '소녀', '상', '역사', '문화', '관', '모금', '추진위', '시민', '장소', '선정', '조사']",문화
"['항만', '공사', '연구', '아이디어', '및', '개인', '기관', '평가', '선정']",산업
"['센터', '교류', '조선대', '김', '산학', '협력', '사회', '시상']",교육
"['선진', '시스템', '주', '대평', '고용', '창출', '남도', '우수', '기업', '선정', '일자리', '증가율', '높']",고용
"['총', '물동량', '억', '컨테이너', '목표', '석유', '화학', '부두', '저장', '시설', '추진', '방', '광', '공사', '사장', '양항', '증대', '강화', '성장', '및', '자동차', '사업', '증가', '계획']",산업
"['전', '남도', '백신', '연구', '임상', '국가', '지원', '제품', '화', '기술', '센터', '화순', '국내']",의료
"['북구', '청년', '일자리', '창출', '자리', '지역', '사업', '선정', '창업', '지원']",고용
"['축제', '회', '매화', '계획', '프로그램', '주민', '장', '운영', '둔치', '버스', '주차장']",문화
"['광', '양', '경운기', '사고', '농번기', '철', '농기계', '안전', '발생']",안전
"['인구', '업무', '협약', '지역', '광양시', '광', '기업']",산업
"['피', '싱', '조직', '만원', '피해', '읍내', '지구대', '국민', '은행', '지구', '주', '보이스', '사기', '씨', '전화', '받', '았', '대', '추', 'ㄹ', '지', '만', '실행', '않', '최', '앱']",사건
"['구간', '광산구', '홀짝', '시간', '주차', '광산', '대', '차', '아', '이내']",교통
"['후보자', '등록', '후보', '민주당', '김', '당', '박', '평화', '옥', '무소속', '선거구', '늘']",선거
"['광', '양', '지역', '일자리', '사업', '전', '제철소', '협력사', '고용']",고용
"['광주', '은행', '모바일', '번호표', '서비스', '발급', '고객']",산업
"['교육청', '행동', '강령', '공직', '사회', '갑', '질', '공직자', '행위', '요구', '금지', '감독', '기관', '부당', '직무']",근로
"['동', '넓', '예비', '후보', '선거구', '도의원', '골', '면', '서', '지역구', '약동', '보', '마을', '지역', '활동', '말', '하', '주민', '많']",선거
"['교육청', '남북', '연락', '공동', '주', '광주', '학생', '독립운동', '및', '역사', '북측', '개', '교육']",역사
"['주민', '강력', '송', '보', '차', '아파트', '분양', '전환', '우선', '임대', '정기', '산업', '따', '아', '르', '세대', '대하', '국토', '입주', '임차인', '받']",주거
"['환경', '센터', '보고서', '천', '배출량', '광주', '온실', '가스', '배출', '녀', '총', '중', '부문', '및']",환경
"['자금', '기술', '기업', '지원', '시책', '중소기업', '책자', '사업']",산업
"['광주', '형', '일자리', '도입', '노조', '측', '반발', '협약', '식', '문구', '금호', '타이어', '시장', '서', '광주시', '시가', '추진', '사', '공장', '이전']",고용
"['분양', '투자자', '한전', '연계', '선로', '부족', '접속', '신안', '지역', '미', '태양광', '발전', '사업', '허가', '시설', '계통', '따', '아', '르', '신']",주거
"['당', '후보', '의원', '민주당', '없', '나', '당선', '밀', 'ㄹ', '평', '선거', '다지', '도의원', '선거구', '전', '의장', '출마', '현역', '예비', '지역']",선거
"['전', '남', '경찰', '예방', '활동', '합동', '강압적', '뒤풀이', '졸업식', '학교']",안전
"['광', '양', '영화', '밴드', '신나', '섬', '음악', '공연', '문화', '예술', '회관']",문화
"['작품', '유통', '화랑', '감정', '진위', '여부', '광주', '지역', '미술품', '거래', '예술', '거리', '위작', '내', '문제', '관계자', '않', '나']",문화
"['재무', '민주당', '예비', '후보', '김', '광', '양', '재인', '전']",선거
"['광주', '전', '남', '대학', '지자체', '혁신', '기관', '보유', '자원', '발전', '지역', '공공', '네트워크', '개', '사업', '협의체', '대', '한국']",산업
"['국내외', '매실', '스트라', '젠', '식품', '협약', '기능성']",산업
"['열대야', '폭염', '시민', '최근', '월', '중', '평균', '그늘', '막']",안전
"['천만', '개', '사업', '관광', '관광지', '조성', '전', '남도', '자원', '개발', '억', '문화', '생태', '구축', '시설', '남', '길']",산업
"['후보', '민주당', '광양읍', '정부']",선거
"['대법원', '녀', '스퀘어', '광', '양', '점', '토지', '수용', '관련', '재결', '소송', '원심', '확정', '광양시', '무효', '보', '명백', '하', '자', '없', '심', '월', '소유자', '판결', '팔', 'ㄴ단', '계획', '일부', '사업', '아웃', '렛', '공사']",사건
"['교육청', '중장기', '계획', '추진', '작', '학교', '살리기', '개', '중', '곳', '교육']",교육
"['주민', '요구', '익산', '건너', '육교', '설치', '지방', '국토', '도로']",안전
"['월', '자동차세', '부과', '납부', '이용', '납세자', '지방세', '자동', '이체', '신청']",복지
"['중소기업', '선정', '기술', '사업', '지원', '기업', '협약']",산업
"['기자', '환경', '운동', '연합', '제철소', '미세', '먼지', '배출', '요구', '다량', '사업장', '감축', '대기', '오염', '광', '양', '포스', '코', '물질', '현대', '제철']",환경
"['기후', '보고서', '공기', '역대', '최고', '이후', '폭염', '원인', '녀', '월', '기온', '영하', '기록', '천', '으', '며']",환경
"['예방', '손', '음식', '위생', '여름철', '전염병', '감염', '증상', '나타나', '치료']",의료
"['어렵', '가정', '햇살', '나눔', '푸드', '마켓', '양', '개']",복지
"['보건', '사회', '복지', '운수', '창고', '소매', '판매', '대형', '마트', '지난해', '분기', '광주', '전', '서비스업', '생산', '전년', '동', '대비', '증가', '감소', '소매점']",산업
"['정책', '국장', '교장', '전교조', '출신', '교육', '교육청', '인사', '관', '천', '학교', '초등', '중등', '기획', '과장']",교육
"['광', '지역', '경제', '활성화', '억', '만', '원', '지류', '상품권', '카드', '적용', '판매', '할인', '계획', '구매', '경우', '액면', '가맹점']",문화
"['세액', '지난해', '신고', '납부', '월']",금융
"['교통', '영향', '평가', '보완', '착공', '공사', '주민', '목성', '지구', '개발', '사업', '월', '미', '로', '부영', '주택', '아', '었', '계획', '달', '는', '지연']",산업
"['건립', '추진', '위원', '공모', '예정', '시화', '마을', '광주', '문학', '관', '문학관', '문화', '단체', '중', '개소']",문화
"['이웃', '돕', '성금', '기부', '남구', '만원', '사랑']",문화
"['광', '여수', '항만', '공사', '올해', '억', '사업', '시설', '및', '관리']",산업
"['시장', '후보', '방송', '토론회', '선거', '민주당', '당', '미래', '김', '재무', '시민', '문화', '정현', '복']",선거
"['광양시', '갈등', '성명', '시민', '집행부']",사건
"['청년', '정책', '사업', '어', '어야', '지원', '지난해', '활동', '참여']",복지
"['남구', '문화', '조사', '회관', '청소년', '수련관', '개', '시설', '운영', '중인', '프로그램']",문화
"['현장', '운영', '기업', '해결', '애로', '지원', '사항']",산업
"['시민', '살', '씨', '버스', '변경', '노선', '공지', '줄', '이', '불편']",교통
"['육아', '출산', '준비', '교실', '운영', '오가', 'ㅁ', '발달', 'ㄹ', '놀이', '남구', '및', '임산부', '영', '유아', '건강', '다양', '프로그램', '월', '함께', '부부']",복지
"['불법', '유턴', '도로', '앞', '우회', '버스', '기사', '우림', '필', '유', '차선', '달', '는', '광', '양', '바로', '어', '어', '렵', '주정', '교통', '해당', '뿐', '알', '니', '라', '대안', '노선', '차', '벌', 'ㄹ', '회']",교통
"['광주', '도시', '공사', '혁신', '임대', '주택', '주거', '복지', '재생', '시민', '서비스', '구축', '사업', '강화', '뉴딜']",주거
"['행정', '복지', '센터', '작성', '편람', '동', '변경', '외국인', '주민']",복지
"['광주', '형', '일자리', '창출', '모델', '지역', '경제']",고용
"['개', '시설', '운영', '국민', '건강', '광주', '지역', '백세', '운동', '교실', '강사', '모질']",고용
"['경찰', '확보', '강진', '어린이', '실종', '사건', '씨', '아', '었']",사건
"['경기', '중', '대형', '소규모', '상가', '임대료', '전', '전년', '하락', '늘', 'ㄹ', '한국', '감정원', '부동산', '조사', '공', '실', '률', '연초', '대비', '포인트', '증가', '전국', '평균', '감소', '정보', '통계']",산업
"['전', '제정', '시도', '망언', '의원', '퇴출', '한국', '당', '역사', '왜곡', '처벌법', '촉구', '대회', '국회', '부정', '코스트', '광주', '부인', '행위', '시민', '오월']",역사
"['도로', '허', '옷', '수거함', '관리', '계획', '환경']",환경
"['표준', '매뉴얼', '동구', '공유', '재산', '관리', '행정']",근로
"['일부', '단속', '계곡', '않', '지만']",사건
"['창출', '대응', '정부', '데이터', '경제', '활성화', '전']",산업
"['현장', '방문', '금융', '이대', '훈', '농협', '은행', '전', '남', '경영', '목표', '소통', '본부', '영업']",금융
"['사업', '청년', '지원', '창업자', '창업', '및']",복지
"['대', '설치', '도시', '확대', '활용', '범죄', '관제']",안전
"['전', '남', '교육청', '교육', '주', '친']",역사
"['절', 'ㄴ', '튤립', '정원', '지정']",문화
"['공동', '건의', '협력', '시장', '회의', '여수', '광', '양항', '율촌', '구간', '광양만', '권', '연계', '강화']",교통
"['유기', '동물', '보호', '임시', '보호소', '운영', '분양', '중', '슬', '천변', '시민', '지', '만', '구조', '일부', '및', '마', '리', '입양', '반려', '등록']",사건
"['대형', '마트', '슈퍼마켓', '일회용', '비닐', '사용', '금지', '제공', '봉투', '장바구니', '대여', '서비스']",환경
"['광', '양', '관광', '홍보', '부산', '국제', '전', '관광객']",문화
"['광주', '곳', '회계', '교육청', '예산', '지원', '시스템', '듀', '파인', '도입', '사립', '유치원', '희망', '월', '사용', '및']",교육
"['김', '혀', '옥', '예비', '후보', '시장', '출마', '선거']",선거
"['단속', '지역', '투기', '적발', '생활', '폐기물', '무단', '지', '나', '만', '원', '쓰레기', '발생량', '톤', '종량제', '봉투', '판매']",환경
"['광', '양', '제철소', '감사', '나눔', '직원', '활동']",근로
"['공감', '청년', '문화', '사업단', '사업', '공모', '통', '하', '팀', '선정', '공간', '단체', '광양읍', '예술', '심사', '지역', '성', '기준', '광', '양']",문화
"['들', '론', '활용', '및', '산업']",산업
"['단계', '개', '공원', '학교', '광주시', '아파트', '학생', '교육청', '송', '지구', '학급', '초']",교육
"['성', '폭력', '근절', '스포츠', '인권', '교육', '교육청', '학교', '운동부', '지도자', '및', '성폭력', '갑', '질', '학생', '선수', '보호', '예방', '실시']",교육
"['도시', '공사', '창출', '계획', '사업', '밝히', '에너지', '천', '공공', '임대', '세대', '공급', '단지', '조성', '공모', '월중', '개발', '및', '주택']",산업
"['기술', '전문가', '명장', '제조', '설비', '분야', '입사', '반도체']",산업
"['중소기업', '기술', '사업', '화', '지원', '개사', '성장', '단계', '기업']",산업
"['예술', '특성화', '동구', '사업', '상권', '활성화', '추진', '계획', '골목', '상인', '시장', '문화', '거리', '카페']",문화
"['성장', '지원', '창업', '팀', '대하', '사업', '화', '청년', '예비', '창업자', '자금', '기업']",금융
"['광양시', '월', '자원', '봉사', '단체', '동네', '아파트', '마을', '생활', '지원', '이웃']",문화
"['나눔', '재단', '기부', '모', '금액', '지난해', '보다', '억', '증가', '지역', '단체', '모금', '후원', '녀', '기부자']",복지
"['치매', '이', 'ㄴ지', '안심', '센터', '교실', '뇌', '프로그램', '어르신']",의료
"['지역', '당', '요구', '광', '양', '제철소', '전', '남도', '포스', '코', '행정', '처분']",사건
"['기자', '노조', '가스', '사고', '고용', '노동부', '특별', '감독', '및', '안전', '진단', '요구', '광', '양', '제철소', '작업', '하청', '노동자', '포스', '코', '실시', '중지', '지청']",안전
"['지난달', '농가', '피해', '조사', '농어촌', '공사', '침수', '현장', '용역', '김', '부분']",사건
"['최근', '소년범', '중', '청소년', '처벌', '음주', '단속', '운전', '주', '취', '상태', '및', '따', '아', '르', '술', '천', '업주', '신분증']",사건
"['천', '대', '수소', '만원', '지원', '광주시', '전기', '자동차', '환경', '보급', '충전', '소', '보조금', '충전기', '설치']",복지
"['중국', '밍', '타이', '그룹', '투자', '계획', '광', '양', '알루미늄', '용해', '로', '설치', '않', '경제', '청']",해외
"['북구', '첨단', '기업', '산업', '단지', '지원', '사업']",산업
"['안내', '도', '하천', '입구', '찾', '생태', '사업', '옥', '종합', '조성']",교통
"['귀성객', '광주', '수영', '대회', '월', '마스터', '즈']",문화
"['중', '예산', '지원', '사업', '교육', '환경', '개선', '내년도', '중학교', '내', '학교', '지역', '진학률', '억', '사항']",복지
"['김', '지사', '마을', '새우', '양식', '어업', '간담회', '함께']",환경
"['경찰', '광주', '보복', '사건', '중', '마지막', '조폭', '검거', '붙잡', '김', '씨', '수사']",사건
"['곳', '남구', '대형', '건축', '공사장', '점검', '및', '여부']",안전
"['배출', '대기', '오존', '받', '발령']",환경
"['선거구', '중', '골', '변화', '인구', '옥', '곡', '진월', '진상', '다압', '획정', '국회', '도의원', '기초', '의원', '전']",선거
"['제철소', '광', '양', '빅', '데이터', '경진', '대회', '개최', '과제', '현장', '분석', '대리', '부']",산업
"['장착', '비용', '지원', '차로', '이탈', '경고', '장치', '사업', '교통', '대상', '특수', '운송', '사업자', '신청']",안전
"['신청', '북구', '참여', '주민', '구정', '감사', '구민', '지원']",안전
"['관광', '주민', '중심', '공동체', '동구', '마을', '문화', '도시', '실현']",문화
"['산업', '평화', '노사', '민정', '한마음', '대회', '광', '양', '근로자', '광양시', '통', '하', '기', '업', '지역', '사회', '성장', '좋', '서', '김', '받', '성희', '의장', '어', '어야']",근로
"['전', '소', '상공인', '저', '의', '로페이', '수수료', '결제', '억']",복지
"['드림', '스타트', '영양', '교육', '아동', '식품', '시간']",교육
"['김', '남구', '금강산', '연대', '광주', '통일', '남북', '사업']",해외
"['계층', '만원', '지원', '전', '남', '지역', '우체국', '사회', '활동', '복지']",복지
"['예방', '진화', '체계', '북구', '산불', '종합', '대책', '관리']",안전
"['중', '마초', '학부모', '주민', '간담회', '공사', '균열', '피해', '요구', '지반', '사업', '부지', '이전', '문제']",안전
"['광주', '시장', '구정', '주요', '현안', '동구', '공영', '차', '고지', '주민']",복지
"['혁신', '성과', '중심', '조직', '시정', '추진', '시민', '광주', '기관', '행정']",산업
"['관광', '안내판', '글씨', '너무', '개', '국어', '관광지', '설치', '작', '설명', '곳', '보', '없', '백운산', '휴양림', '관광객', '바로']",문화
"['시장', '공단', '품목', '가격', '전통', '대형', '마트', '보다', '판매', '비용', '천']",산업
"['주차장', '개방', '인근', '나', '아', '주차', '공간', '상가', '시민']",복지
"['아동', '시설', '시민', '시장', '광', '양', '해피', '데이', '대하', '피해', '주민', '추진', '사항']",복지
"['학교', '비', '정규직', '파업', '일부', '급식', '돌', '봄', '도시락', '수업', '참여', '대처', '교육', '중단', '중', '곳', '개교']",복지
"['개', '교차로', '교통', '주요', '차량', '신호', '개선', '사거리']",교통
"['한려', '대', '지역', '대학', '대책', '협의회', '보건', '대학교', '폐교', '교육부', '정상화', '건의서', '채택', '못', '하', '대', '하', '진단', '개선', '단계', '지원', '학생', '장학금', '남도']",교육
"['경찰', '여대생', '사진', '불법', '인터넷', '도박', '돈', '요구', '로맨스', '스캠', '사기', '구', '씨', '받']",사건
"['거리', '예술', '무대', '중', '마', '통', '디자인', '조성', '사업', '주민', '들이', '문화', '억', '간판']",문화
"['아기', '곰', '그림책', '작가', '벵자맹', '쇼']",문화
"['세풍', '주민', '많이', '지역', '경제', '공장', '논란', '청', '사', 'ㄴ', '닿', 'ㄴ', '새해', '행사', '마을', '소통', '다녀오']",환경
"['사회', '공헌', '활동', '소', '상공인', '예비', '창업자', '경영', '컨설팅', '지원', '사업', '창업', '교육']",고용
"['백신', '산업', '생물', '업무', '현장', '간담회', '전', '남도', '바이오', '헬스', '계획', '핵심', '지원', '세포', '병원']",산업
"['테마', '파크', '광', '양', '추진', '월드', '운영', '억', '필요', '부지', '매입', '사업']",산업
"['금호', '산업', '이의', '제기', '단체', '논란', '공익', '감사', '청구', '광주', '민간', '공원', '특례', '사업', '단계', '대하', '면', '서', '광주시', '우선', '협상', '대상자', '신청서', '점수']",사건
"['교육', '환경', '보호', '구역', '선정적', '의상', '없', '광주', '성인', '용품', '점', '마네킹', '입', '김', '학교', '청소년']",교육
"['소득', '가정', '대상', '시간', '아이', '돌', '봄', '서비스', '부모']",복지
"['광주', '은행', '경영', '우수']",금융
"['광', '냉연', '공장', '설비', '공급']",산업
"['분기', '침체', '외식', '경기', '전망', '지수', '업종', '낮', '개', '중', '높', '았', '음', '식', '점']",산업
"['소', '상공인', '지역', '대책', '로컬', '푸드', '매장', '확장', '이전', '원협', '점', '노', '브랜드', '입', '추진', '철회', '밝히', '관계자']",산업
"['민주', '전', '씨', '아버지', '당', '진상', '규명']",사건
"['서울대', '남부', '학술', '림', '시민', '공간', '활용', '광양읍']",문화
"['신한', '운항', '여수', '항공', '관광', '스카이', '투어', '소형', '공항', '지만']",교통
"['광주', '은행', '은행장', '송', '지역']",금융
"['일렉트릭', '현대자동차', '제주', '신라', '호텔', '전기', '차', '무료', '체험', '서비스', '고객']",산업
"['과일', '간식', '제공', '지원', '사업']",복지
"['평동', '산', '개방형', '체육관', '건립', '무등', '경기장', '상무', '시민', '공원', '국민', '체육', '센터', '추진', '생활', '밀착', '형', '시설', '지난해', '공공', '공모', '사업', '선정', '국비', '억', '산업', '단지', '문화', '천', '층']",문화
"['취업', '청년', '주택', '자금', '대출', '이자', '지원', '사업', '신청', '무', '소득', '만원', '정책']",주거
"['개', '여명', '면접', '채용', '기업', '광양만', '권', '일자리', '박람회', '취업', '광']",고용
"['월', '과속', '적발', '건', '이동식', '사거리', '전체', '지역', '올해', '단속', '건수', '총', '구간', '곳', '지난해', '보이', '카메라', '평균']",교통
"['항만', '번째', '세계', '여수', '광', '억', '톤', '양항', '물동량', '달성']",산업
"['전', '예방', '접종', '환자', '발생', '백일해', '감염', '기침', '경우']",의료
"['명절', '주민', '대책', '교통', '운영']",복지
"['동반', '성장', '혁신', '허브', '워크숍', '추진', '광', '소', '참여', '기관', '활동', '기업']",산업
"['도정', '워크숍', '시대', '전', '남도', '김']",복지
"['전', '직원', '참여', '안전', '활동', '안전도', '우미', '후', '판부', '정비', '작업']",안전
"['센터', '중소기업', '소', '상공인', '지원', '정책', '설명회', '광산구', '기업', '중소', '벤처', '사업', '컨설팅']",산업
"['남구', '침수', '피해', '백운', '광장', '주변', '사업', '도시', '안전']",안전
"['전체', '학대', '신고', '사례', '노인']",사건
"['치매', '환경', '조성', '건강', '도시', '위', '평가', '개', '전', '남', '전국', '정책', '분야', '공원', '예방']",의료
"['지원', '모집', '선정', '도심', '점포', '활용', '청년', '창업자', '사업', '창업', '및']",산업
"['청년', '북구', '사업', '도시', '재생', '뉴딜', '지원', '추진', '대학', '현장', '센터', '주민']",고용
"['개동', '동구', '마을', '공동체', '비전', '주민', '참여', '계획']",주거
"['개소', '대상', '시설', '화재', '소방', '점검', '발생', '인명', '피해', '비상구']",안전
"['만원', '자녀', '양육', '부모', '가족', '기준', '중위', '소득', '양육비', '지원', '복지', '시설', '아이']",복지
"['적발', '건', '음주', '운전', '월', '단속', '중', '처벌', '징역', '만원', '벌금']",사건
"['지역', '에스', '바이오', '광양시', '투자', '협약']",산업
"['광주', '음식', '공모전', '대상', '지정', '공모', '스토리', '선정']",문화
"['시장', '그린', '카', '진흥원', '창출', '계획', '광주', '형', '자동차', '공장', '착공', '지원', '치', '환경', '센터', '기술', '부품', '구축', '개발', '장비', '지역', '기업', '억', '건']",산업
"['업무', '은행', '프로세스', '자동화']",금융
"['선정', '보육', '심의', '지도', '점검', '곳', '공공', '형', '어린이집', '의원', '누리', '어', '어야', '위반', '않', '았', '드러나', '운영', '공개', '위탁', '받']",사건
"['소방서', '화재', '안전', '관리', '광주', '시장', '전통', '대하', '점검', '및', '진행하', '소', '방', '실시', '남', '상태', '시설']",안전
"['중국', '매실', '가공', '제품', '수출', '광', '양', '청매', '실', '광양시', '우호', '도시', '샤먼', '지나', '농원', '월', '농']",해외
"['유치원', '방과', '후', '과정', '무기', '계약', '직', '전환', '교육청', '전', '남', '기간', '제', '교사', '요구', '교육감']",고용
"['박', '열사', '연구', '민중', '항쟁', '불', '기록', '전', '총학생회', '최']",역사
"['섬진강', '마을', '체험', '시골', '농산물']",문화
"['공유', '부엌', '촉진', '사업비', '지원', '사업', '문제', '공동체', '공모', '기업', '단체', '지정', '시민', '분야', '문화']",복지
"['지만', '카페', '설거지', '늘', 'ㄹ', '일회용', '컵', '음료', '어', '어서', '주', '어', '어야', '매장']",환경
"['사회적', '경제', '광양시', '지나', '행사', '기업', '지역', '개']",산업
"['시민', '보육', '의견', '김', '광양시', '어린이', '재단', '역', '하', 'ㄹ', '방향', '대하', '대', '토론회', '환경', '교수', '씨']",복지
"['개발', '계획', '변경', '추진', '월', '명당', '지구', '국가', '산업', '단지', '지원', '시설', '용지']",산업
"['치매', '병원', '전문', '의료', '광', '양', '수탁', '운영', '공립', '노인', '요양', '환자', '및', '입원']",의료
"['광주', '전', '남', '전월', '하락', '내수', '부진', '인건비', '상승', '경영', '지역', '중소기업', '전망', '지수', '나타나', '대', '비']",산업
"['치매', '서비스', '제공', '안심', '센터', '예방', '검진']",의료
"['서구', '청년', '일자리', '사업', '참여', '기업', '지원']",고용
"['기업', '지역', '경제', '활성화', '취임', '백구', '광', '소', '회장', '상공인', '시민']",산업
"['촉구', '규제', '지역', '대기', '오염', '물질', '기업', '먼지', '배출', '권', '광양만', '주', '국가', '광', '양']",환경
"['침수', '농민', '펌프', '농어촌', '공사', '피해', '배상', '대책위', '배수장']",안전
"['가구', '분양', '시장', '부동산', '개', '단지', '천']",주거
"['교육부', '보', '건대', '대', '대학', '김', '의장', '광', '양', '정상화', '도립', '전환', '지역', '대학교', '광양시']",교육
"['백운산', '지키기', '총리', '면담', '지정', '국립공원', '추진', '서울대', '소유권', '협의회', '면적', '요구', '아', '었', '한재', '광양시', '민', '학술', '림', '법인']",사건
"['신입', '사원', '김', '씨', '곽', '계수', '단장', '학습', '봉사단', '인연', '입사', '후', '지역', '광', '양', '제철소', '봉사', '엔지니어']",교육
"['우선', '분양', '주민', '처분', '인용', '판단', '주', '덕', '광', '양의', '봄', '아파트', '세대', '신청', '법원', '종합', '건설', '전환', '다', '이', '고', '가처분', '대하', '임대']",주거
"['화재', '피해', '사재', '출연', '보', '하', '양조', '대표', '상인', '보해', '위드', '프로젝트']",사건
"['광', '양항', '사', 'ㄴ', '단', '도로', '개설', '억', '건', '의', '중앙', '부처', '방문', '사업', '지역', '추진', '정부']",교통
"['국토', '점검', '익산', '국토', '청', '안전', '국도', '및', '국가', '시설물', '진단']",안전
"['기업', '광', '양', '보건', '대학교', '기탁', '장학금', '대표', '이사']",교육
"['잎새', '유', '소', '마블', '지역', '광주', '보하', '어', '양조', '플래그', '샵', '주', '만들', 'ㄹ', '디자인', '학생', '실제', '작품']",산업
"['리모델링', '귀농', '집', '빈집', '필요', '사람', '만원', '지원', '활용', '폐가', '농어촌', '지역', '따', '아', '르', '채', '사업', '말하']",복지
"['노인', '일자리', '및', '사회', '활동', '사업', '어르신', '제공', '형', '사업단']",고용
"['연장', '의원', '자격', '입법', '정책', '담당관', '임기', '여부']",사건
"['과정', '여성', '센터', '직업', '취업', '교육', '운영', '한식']",교육
"['임시회', '조례', '안', '심사', '광양시', '의회', '송', '재천', '대', '마지막', '건', '의원', '발의', '시민', '최선', '다하', '감사', '하다', '발전', '늘', 'ㄴ지', '활동', '열심히']",선거
"['직원', '사업비', '횡령', '전', '기관', '예산', '지출', '채', '문화', '재단', '남도', '씨', '파악', '사업', '사실', '법인', '카드']",사건
"['지역', '광주', '은행', '은행장', '금융', '스', '어', '송', '남', '기반', '영업', '지원', '고객']",금융
"['추진', '계획', '확정', '운영', '회', '광', '양', '매화', '축제', '올해', '행사']",문화
"['축제', '총감독', '선임', '논의', '결과', '개선', '방안', '광', '양', '매화', '프로그램', '관광객']",문화
"['추진', '민간', '주도', '형', '계획', '도민', '전', '남도', '발전소', '풍력', '사업', '공공', '규모', '주변', '투자', '참여', '채권']",산업
"['멘토링', '신규', '조직', '공무원']",교육
"['건립', '발전소', '인', '허가', '광', '양']",산업
"['여성', '조성', '추진', '가족', '친화', '도시', '지정', '협약', '평등', '만들', 'ㄹ', '광', '양']",복지
"['교육감', '조직', '개편', '단계', '월', '참여', '교육', '장', '도민', '지원', '학교']",교육
"['경로당', '곳', '대상', 'ㄴ지', '강화', '프로그램', '운영', '남구', '치매', '예방', '및']",복지
"['일신상', '방', '여수', '광', '항만', '공사', '사장', '취임', '녀', '개월', '월', '밝히', '사임', '논란', '양항', '물동량']",사건
"['도시', '에너지', '크', '한전', '공대', '유치', '광주', '남구', '김', '내', '팀', '결의', '대회', '지역', '설립', '및', '문']",교육
"['양', '여수', '참여', '연대', '시민', '눈높이', '외유', '성', '연수', '공무원', '국외', '관광', '남해안', '남중', '권', '협의회', '공무', '관련', '규정', '해외', '다니', '어', '오', '는지', '비용']",사건
"['기업', '위기', '사업', '지역', '경제', '목포', '회장']",고용
"['특별', '단속', '천', '음주', '운전', '월', '운전자']",교통
"['소재', '대학교', '생', '광', '양', '광양시', '학사', '서울', '학생', '지원', '실']",주거
"['의원', '광양시', '포스', '코', '광', '양', '제철소', '대기', '오염', '물질', '환경', '정', '문제']",환경
"['운영', '문', '닫', '작', '도서관', '책', '보', '곳', '주민', '나', '아파트', '형', '지원', '주', '지만', '만원', '관리']",교육
"['임산부', '조리', '식품', '청년', '청춘', '협동조합', '사업']",산업
"['회사', '포스', '코', '공급', '사', '아', '상생', '협력', '설비', '시간', '산업', '기계']",산업
"['일방통행', '교통', '중', '마', '통', '운영', '사업', '주민']",교통
"['세종', '서울', '천명', '총', '국내', '인구', '이동', '경기', '이동률', '전출', '천', '순', '전년', '아', '었', '대', '감소', '보다', '늘', 'ㄹ', '이후', '주택', '유입']",주거
"['예산', '추가', '편성', '청년', '주택', '자금', '대출', '이자', '지원', '사업']",주거
"['기자', '공공', '노총', '정년', '연장', '안', '정부', '고령화', '사회', '사회적', '청년', '제도', '체계']",근로
"['계획', '추진', '부영', '회장', '구속', '광양읍', '목성', '개발', '차질', '주택', '지역', '사업', '광양시', '도시', '지구', '월', '마무리']",사건
"['신', '중년', '전문', '인력', '지원', '센터', '일자리', '교육', '광', '양', '취업']",고용
"['회', '정기', '공채', '직무', '중심', '상시', '필요', '역량', '인력', '문제', '기아', '차', '자동차', '기존', '신입', '사원', '채용', '방식', '현대', '부문', '공개', '각', '인재', '선발', '시점', '때문', '부문별', '장점', '지원자', '공고']",고용
"['철강', '사업', '및', '신', '성장', '포스', '코', '조원', '투자', '에너지', '추진']",고용
"['운영', '주체', '찾', '규모', '포기', '도선', '국사', '풍수', '사상', '테마', '파크', '조성', '사업', '추진', '짓', '수련관', '못', '하', '녀', '계획', 'ㄴ', '데', '설계', '어', '어야']",산업
"['박', '일주', '명인', '가공', '와인', '유기농', '포도', '재배', '농업', '환경', '만들']",산업
"['지역', '취약', '계층', '일자리', '창출', '사회적', '이화', '매장']",고용
"['동', '남구', '민선', '공약', '이행', '주민', '사업', '추진']",복지
"['광', '양', '관광', '도약', '원년', '월', '달', '이벤트', '가을', '투어']",문화
"['광양읍', '골', '의회', '향우', '현재', '후보', '보다', '당', '민주당', '한국', '출신', '서', '광역시', '등록', '역임', '김', '의원', '선거구', '맡', '전', '남도', '대', '으', '며', '순천시', '약동']",선거
"['신장', '증가', '세탁기', '게임', '제품', '인기', '월', '가전', '미세', '먼지', '순', '게임기']",산업
"['연구', '용역', '산업', '추진', '광양만', '권', '중소기업', '연수원', '유치']",산업
"['출장비', '보상금', '파', '파라', '공무원', '노조', '출장', '제도', '업무', '않', '신고', '기록', '환수', '직원']",사건
"['정보', '보호', '컨설팅', '지원', '울산', '지역', '중소기업', '개', '보안', '및']",산업
"['월', '예약', '신청', '백운산', '자연', '휴양림', '숙박', '시설']",문화
"['상인', '소녀', '상', '주민', '건립', '지', '만', '회', '설치', '추진위', '지역']",문화
"['광주', '실무', '협의회', '테크노', '파크', '명품', '강', '소기업', '기관', '지원', '방안', '지역', '기업', '통하']",복지
"['중', '원자재', '가격', '미', '무역', '지역', '기업', '수출', '전망', '개', '및', '업체', '응답', '영향', '전쟁', '지원']",해외
"['예비', '사업', '전', '남도', '농부', '부엌', '조성', '청춘', '문학', '사랑방', '광양읍', '문화', '농촌', '중심지', '활성화', '개', '마을', '시장', '도시', '추진']",문화
"['지원', '프로그램', '광', '양', '다문화', '포스', '코', '나눔', '운영', '재단']",복지
"['노선', '개편', '용역', '진행', '전체', '중', '개', '변경', '제안', '순환', '버스', '광', '양', '교통', '용', '역사', '탑승', '조사', '번호']",교통
"['노조', '소통', '간담회']",근로
"['주류', '음주', '빈도', '전년', '꾸준히', '니', '어', '아', '었', '잇', '잔', '높', '소', '주', '전통주', '보다', '낮']",문화
"['광', '양', '교육장', '화순', '교육', '지원', '주민', '추천', '임용', '지역', '심사', '및']",고용
"['고용', '청년층', '희망자', '증가', '만명', '지난해', '상황', '투잡', '때문', '시간', '관련', '추가', '취업', '가능', '전년', '대비']",고용
"['청장', '광양만', '범', '시민', '경제', '계획']",사건
"['선호도', '조사', '명칭', '이순신', '대교', '해변', '관광', '테마', '거리', '공모', '심사', '각각', '통', '하', '참여', '사업', '편', '만원']",교통
"['지역', '중소기업', '경제', '단체', '신년', '광주', '전', '남', '연합회', '협회', '지회', '한국']",고용
"['장애인', '지원금', '전동', '배터리', '지원', '포스', '코', '케미칼', '광양시', '종합', '복지관', '사업']",복지
"['예술', '파리', '이메일', '소설']",문화
"['민주당', '정', '방문', '의원', '김', '재무', '후보', '지', '나', '지지', '호소', '광', '양', '전']",선거
"['닿', 'ㄹ라', '어', '어야', '청와대', '대하']",사건
"['보육', '사업', '재단', '추진']",복지
"['동반', '성장', '혁신', '허브', '발대식', '개', '참여', '활동', '기관', '소', '광', '양', '함께']",산업
"['광주', '시민', '단체', '기자', '회견', '밝히', '처벌', '피해자', '사법', '폐', '청산', '촉구', '농단', '양', '승', '태', '전', '구속', '사법부', '재판', '거래', '적폐', '어', '어야']",사건
"['대응', '북구', '안전', '근무', '직원', '보호', '및', '민원']",근로
"['한국', '김', '청와대', '사무관', '당', '민주당', '원내', '대표', '상임위']",사건
"['일반', '학사', '외국인', '지원', '대학', '편입생', '편입학', '자', '전적', '학과', '가능']",교육
"['전', '농업', '기술원', '농촌', '청년', '사업가', '양성', '사업', '농', '창업', '비즈니스', '모델', '교육', '지원', '계획']",고용
"['정', '의원', '의정', '활동', '대한민국', '대상', '지방', '자치', '행정', '위원회', '국회']",복지
"['구성', '계획', '운영', '도립', '미술관', '건립', '팀', '위원회']",문화
"['쓰레기', '항만', '공사', '조성', '잡초', '관리', '해바라기', '꽃밭', '인근', '월', '찾', '시민', '관광객']",환경
"['지정', '계획', '절차', '전', '확정', '산업', '단지', '일반', '농공', '천', '개발', '일원', '억', '투자']",산업
"['마을', '도로', '개설', '공사', '민원', '주민', '옹벽', '설치', '인하', '이용', '도보', '진', '출입', '해당', '지역', '주택가', '현장', '인근', '불편', '따', '아', '르', '나', '회관', '늘', 'ㄴ', '데', '없', '성토', '관계자']",교통
"['검찰', '증거', '윤', '전', '시장', '김', '씨', '출석', '없', '인정', '사실']",사건
"['하천', '수산', '자원', '은어', '방류']",환경
"['후보', '문', '재인', '교육', '정책', '선거', '전', '교육감', '예산']",교육
"['월', '청년', '정책', '홍보', '활동', '광양시', '소통', '및']",복지
"['생육', '수분', '높', '토양', '경도', '원인', '전문가', '부패', '확산', '상태', '관리', '이팝나무', '현재', '뿌리', '보', '건조', '진행', '토양층', '층', '지하수', '주변', '용', '역사', '정비', '역시', '않', '부분']",환경
"['정치', '대안', '정당', '창당', '정인', '화', '국회의원', '당', '의원', '탈당', '국회', '밝히', '국민', '새롭', '만들']",선거
"['발생', '지역', '긴급', '방역', '조치', '전', '경기도', '안성', '농장', '농가', '마', '리', '백신', '접종']",안전
"['다양', '아이디어', '어린이', '참여', '놀이터', '우려', '테마', '파크', '토론회', '시민', '광양시', '놀이', '물론', '마련', '공간', '가족', '콘티']",문화
"['외국어', '통역', '봉사자', '워크숍', '자원', '국제화', '국제']",문화
"['경기장', '시설', '대회', '광주', '수영', '열리', '월', '남', '부대', '억']",문화
"['천', '창출', '목표', '동구', '고용', '일자리', '계획', '지역', '추진', '및', '사업', '분야']",고용
"['전', '남도', '교육청', '혁신', '설립', '한전', '공대', '연계', '추진', '에너지', '운영', '과정', '교육']",교육
"['아이', '양육', '좋', '도시', '유니', '프', '아동', '친화', '인증', '아', '었', '만들', '사업', '추진', '협약', '권리']",복지
"['청년', '센터', '정책', '의견', '참여', '일자리', '지원', '북구', '친화', '도시', '조성', '지역', '창업', '사업', '형']",복지
"['청년', '광주', '경험', '드림', '사업', '참여', '사업장']",고용
"['저수지', '생태', '공원', '자연', '숲', '해설', '체험', '나무', '마', '방문자', '센터', '주차장', '코스']",문화
"['광주', '손', '다방', '연동형', '비례', '대표제', '대표', '기자', '경제']",고용
"['영양', '빈혈', '플러스', '사업', '임산부', '유아', '만족도']",복지
"['회관', '건물', '전면', '리모델링', '전', '남대', '제', '학생', '시설']",안전
"['박', '노신', '민주당', '후보']",선거
"['전', '남도', '피해', '지원', '영업', '재개', '개', '기자']",복지
"['출산', '다문화', '정', '출신', '국', '산모', '파견', '여성', '우미']",복지
"['월', '단체', '한국', '당', '의원', '간담회', '사과', '왜곡', '폄훼', '김진태', '자유', '항의', '유공자', '김']",역사
"['광주시', '교육청', '치', 'ㄴ', '잔재', '조사', '대', '교가', '중']",교육
"['문제', '오류', '출제', '관리', '해당', '재시험', '결정', '학생', '학교', '교사', '발생', '기말', '고사', '시험', '치', '르', '같', '보', '않']",교육
"['임금', '체불', '받', '노동자', '방안', '국회', '말하']",근로
"['씨', '자신', '걷', '차량']",사건
"['임금', '노사', '협상', '지난해', '월', '않']",근로
"['증가', '무역', '둔화', '광주', '전', '남', '지역', '및', '지난해', '대비', '전망', '수출', '전년', '억', '달러', '수입', '흑자', '수요', '지속', '천만', '감소']",산업
"['분기', '경기', '전망', '지수', '주력', '산업', '광주', '업체', '올해', '가장', '개', '기업', '늘', 'ㄹ', '내수']",산업
"['광주시', '의회', '복지', '위원회', '드러나', '광주', '재단', '기자', '감사', '행정', '사무']",사건
"['익산', '국토', '점검', '억', '지방', '지역', '하천', '사업', '정비', '실시', '지자체', '설계', '건']",안전
"['금호', '산업', '광주시', '민간', '공원', '사업', '우선', '협상', '대상자', '기자', '대하', '과정', '감사']",산업
"['체불', '예방', '지도', '사업장', '점검', '비상', '대응', '운영', '장', '노동자', '임금', '및', '기간', '발생', '계획']",근로
"['대', '전', '정시', '모집', '학과', '군', '천', '전형', '명이', '지원', '경쟁률', '일반', '공', '기록', '가군']",교육
"['보육', '아동', '출산', '정책', '지급', '부모', '확대', '월', '만원', '지원', '돌', '자리']",복지
"['스포츠', '센터', '부서', '제안', '시장', '시행', '검토', '관광', '확보', '사업', '콘텐츠', '및', '테마', '예산']",문화
"['국토', '부', '보완', '요구', '항공사', '에어', '필', '립', '면허', '투자', '항공', '공항', '사업', '청주', '안전', '계획']",산업
"['백일해', '감염', '기침', '경우']",의료
"['사고', '건', '걸']",안전
"['장학금', '만원', '지급', '광주', '은행', '등록금', '납부', '체크', '카드', '경품', '이벤트', '통하']",금융
"['선풍', '대찬', '보급', '콩', '품종', '농업', '기술', '실용화', '재단', '수량', '꼬투리', '보다', '당', '소', '청자']",산업
"['민주당', '민생', '경제', '국민', '대표', '새', '롭']",근로
"['광양시', '사업', '주민', '설명회', '백', '의원', '정책', '민원', '소통', '과정', '달', '는', '지적', '발생', '행정', '대하', '라', '앞', '않', '문제', '아', '었', '지', '구', '행복', '주택', '해당', '충분히']",사건
"['현대', '기아', '전', '기차', '판매량', '차', '천', '대', '판매']",산업
"['노선', '대', '설치', '시내', '버스', '공공', '와이', '파이', '시범', '운영', '사업', '정보']",교통
"['광양만', '권', '입주', '기업', '지원', '시책', '설명회', '기관', '전', '남', '개']",산업
"['역사', '벽화', '조성', '태인', '동', '환경', '사업', '외벽', '청소', '용지', '마을', '김', '생각']",역사
"['당일', '대학', '행사', '학생회', '신입생', '전', '대', '생활', '나', '학과', '교외']",문화
"['당', '절차', '전환', '검사', '관리', '기준']",고용
"['광주시', '차량', '정비소', '이전', '도시', '재생', '뉴딜', '사업', '계획', '광주', '역', '복합', '개발', '함께', '아시아', '문화', '관문', '조성', '역사', '추진', '이후']",교통
"['상승률', '대', '물가', '상승', '오', '르', '면', '서', '아', '었', '소', '비자', '개월', '가장', '월', '지수', '지난해', '개', '전체', '하락', '크', '녀']",복지
"['옹', '그', '광주', '운동']",역사
"['스마트', '도시', '조성', '및', '광양시', '기술', '차', '산업', '시민']",산업
"['전', '수산', '남', '안전성', '조사', '수산물', '항목']",산업
"['개', '유관', '기관', '선수촌', '월', '광주', '세계', '수영', '대회', '지원', '개최', '기로', '설치', '관광', '운영', '홍보']",문화
"['광주시', '문화', '정책', '전당', '주변', '활용', '사업', '광주', '아시아', '조성', '향', '광주', '만', '역사']",문화
"['윤동주', '정병욱', '문화', '광', '양', '문학', '주제', '보존', '가옥', '대', '교수', '시인', '작품']",문화
"['유치', '찬성', '주민', '청원서', '의혹', '범', '대위', '요구', '광', '양', '단체', '위조', '행위', '대하', '경제', '청']",사건
"['대기', '환경', '개선', '협약', '광양시', '단체', '미세', '먼지', '기로', '지가', '협은', '자율']",환경
"['용역', '네거티브', '유산', '제안', '광주', '지역', '치', 'ㄴ', '잔재', '대하', '활용', '방안']",역사
"['수산물', '안전성', '조사', '항목']",안전
"['설계', '용역', '전', '및', '어업', '대체', '건조', '지도선', '호', '보고회']",안전
"['직원', '받', '무기', '계약', '직', '특혜', '보도', '관련', '민주당', '지역', '논평', '채용', '내', '위원']",사건
"['주', '민주당', '입당', '정', '경쟁', '치열', '지역', '내년', '월', '총선', '광주', '전', '남', '국회의원', '위원장', '의원', '나', '당', '시장', '강', '갑', '김', '후보', '여수']",사건
"['편의', '시설', '전', '남도', '민간', '정원', '사업', '통하']",복지
"['일반', '분양', '물량', '천여', '세대', '재개발', '재', '건축', '단지', '올해', '광주', '지역', '아파트', '공급', '부동산', '사업', '구역', '주택', '예정', '건설']",주거
"['개소', '확', '충', '광양시', '국공립', '어린이집', '중', '민간']",교육
"['개관식', '도서', '송정', '공원', '역', '운영', '광주', '광산구', '스마트', '도서관', '설치', '주민', '제공', '대출']",주거
"['매출', '부진', '운영권', '자', '자율권', '운영', '방식', '억', '전', '남도', '서울', '남', '친환', '경농', '수축', '산물', '유통', '센터', '환경', '농', '기로', '이', '라는', '건축', '층', '건물', '민간', '업자', '천', '녀']",산업
"['강좌', '겨울', '마트', '문화', '센터']",문화
"['취업', '인재', '정보', '보호', '주니어', '배출', '전문', '교육', '저', '과정', '기업', '실무']",고용
"['정현', '복', '시장', '예비', '후보', '지', '나', '예산', '유치']",선거
"['판매', '수출', '양조', '천년', '애', '필리핀', '시장', '따르']",산업
"['안전', '시상식', '전투', '비행단', '사령관', '말', '시간', '비행', '기록', '무사고', '표창', '수상']",안전
"['인도', '천만', '달러', '벵', '갈', 'ㄹ', '김', '전', '기업', '경제', '교류', '지사', '지역']",해외
"['차량', '용', '소화기', '화재', '감소', '건', '발생', '걸', '비치', '피해', '방치']",안전
"['지사', '김', '관광', '천사', '대교', '개통', '교량', '개', '과제']",교통
"['투자', '선도', '지구', '지정', '억', '투입', '천', '조성', '진도', '관광', '단지', '사업', '추진', '전', '남도', '선정', '및', '지원']",산업
"['관광', '두레', '사업', '주민', '사업체', '및', '지역']",문화
"['청년', '정책', '광양시', '활동']",문화
"['행사', '예산', '조율', '읍면동', '지원금', '삭감', '각', '광양시', '올해', '날', '체육회', '시민', '진행']",문화
"['신', '중년', '전문', '인력', '지원', '센터', '일자리', '맞춤', '형', '신중', '업체', '구직자', '직무']",고용
"['세계', '기자', '연맹', '총회', '전', '스포츠', '국제', '광주', '수영', '대회', '준비']",문화
"['저수지', '가뭄', '평년', '단계']",안전
"['지원', '사업', '콘텐츠', '콘', '진', '설명회', '산업']",문화
"['일본', '광주', '전범', '기업', '근로', '정신대', '동원', '피해자', '소송', '후지', '코시', '차']",역사
"['지사', '원내', '대표', '간담회', '시도', '협의회', '당', '정의', '국회', '지방', '분권', '위원회', '김', '제안', '이양', '일괄', '자치', '심의', '검토']",복지
"['도시', '재생', '지원', '센터', '주민', '사업', '광양읍', '대학', '현장']",교육
"['대상지', '주변', '국가', '환경', '문제', '시민', '광', '양', '뉴스', '이순신', '대교', '해변', '관광', '테마', '거리', '조성', '역사', '이야기', '존', '수변', '계획', '사업', '광양시', '유치', '청', '대책', '않', '대하']",환경
"['광주', '억', '천', '달러', '전', '무역', '수지', '흑자', '수출', '감소', '수입', '줄', '증가', '제품', '미국', '동남아', '중국']",산업
"['지사', '재일', '전', '신년', '행사', '김', '남']",해외
"['광', '임대', '아파트', '양의', '봄', '프리미엄', '중', '종합', '세대']",주거
"['꼭지', '방울', '토마토', '비율', '떼']",산업
"['천', '건', '확대', '시행', '남구', '교통', '문화', '불법', '주정', '차', '단속', '청소년', '주민', '참여', '참관', '제', '및']",교통
"['원예', '재배', '용', '씨앗', '채소', '공기', '정화', '효과', '실내', '식물', '텃밭', '상품', '증가', '집안', '아니']",산업
"['보행자', '사고', '시설', '개선', '교통', '사망자', '지난해', '안전']",안전
"['대', '일당', '구속', '원룸', '씨', '아', '었', '정씨', '주', '돈', '빼앗']",사건
"['시민', '대상', '사업', '설명회', '교', '관광', '추진', '이순신', '대교', '해변', '테마', '거리', '계획', '콘텐츠', '이야기', '존', '경관', '삼화', '섬']",산업
"['새싹', '인삼', '오미자', '음료', '수출', '품목', '지역', '쌀', '식품', '개', '실적', '유자', '시장', '차', '달러']",산업
"['콩', '만원', '지난해', '논', '타작', '물', '재배', '지원', '사업', '올해', '천', '대상', '농지', '작물']",복지
"['당', '광주', '자유', '한국', '진상', '규명', '조사', '위원', '추천']",역사
"['고용', '전국', '자치', '일자리', '목표', '평가', '수상', '받']",고용
"['광', '양', '곳', '설치', '대각선', '횡단', '보도', '보행자', '확대', '마']",교통
"['연구', '교육', '활용', '키', '협의회', '서울대', '남부', '학술', '림', '산림', '센터', '지역', '백운산', '실', '소통']",교육
"['섬진강', '조성', '정부', '남해안', '남중', '권', '발전', '협의회', '개', '군', '사업']",문화
"['도시', '에너지', '산업', '지원', '광주', '남구', '추진', '조성', '사업', '문화', '일자리', '센터', '시장']",고용
"['조합장', '선거', '고발', '입후보자', '걸', '제공', '건', '만원', '혐의', '조합원']",사건
"['축제', '추억', '충', '장', '콘텐츠', '대상', '거리']",문화
"['우드', '펠릿', '가중치', '유예', '기간', '범', '대위', '및', '발전소', '재생', '에너지']",환경
"['성장', '유통', '신년사', '변화', '그룹', '회장', '고객', '정', '부회장']",산업
"['시장', '지역', '자', '지원', '시책', '발굴', '사업', '사회', '활동', '개', '은퇴']",복지
"['설립', '계획', '광산구', '비아', '학교', '학생']",교육
"['억', '구간', '사업', '교통', '시스템', '구축', '지원', '차량', '정보', '사고', '안전', '서비스']",교통
"['병원', '개', '의료', '협약', '광주', '수영', '선수권', '대회', '지원', '지정', '식', '기간', '동안', '지역', '병원장']",복지
"['축산물', '검사', '수산물', '표시', '단속', '설', '도축', '마리', '권', '기자']",안전
"['빅', '데이터', '경진', '대회', '우수', '과제', '광', '양', '제철소', '김', '분석', '생산', '수행']",산업
"['주민', '설명회', '일부', '토지', '계획', '감정', '평가', '구봉산', '관광', '단지', '조성', '사업', '소유주', '부지', '어', '어야', '대하', '개발']",사건
"['성', '해외', '출장', '보조금', '광', '양', '경제', '청', '받', '국조', '실', '대하', '적발', '녀', '자유', '구역', '않', '감리', '공사', '광양시']",사건
"['김', '수의', '계약', '의장', '지방', '통', '하', '입찰']",사건
"['세액', '공제', '확대']",근로
"['지역', '청소년', '범죄', '지난해', '건', '올해', '걸', 'ㄹ', '광', '양', '경찰', '선도', '프로그램', '운영', '보일']",안전
"['부문', '지원', '창출', '목표', '동구', '지역', '일자리', '민선', '개', '사업', '천', '대']",고용
"['교육청', '한전', '공대', '혁신', '도시', '개교', '전', '남', '나', '주', '에너지', '설립', '교육']",교육
"['광', '양항', '방안', '발전', '시민', '항만', '산업', '주제', '발표', '대하']",산업
"['기관장', '협의회', '실무', '위원회', '지역', '광주', '전', '남', '공동', '혁신', '도시', '공공', '추진', '기관', '발전', '기금', '조성']",고용
"['차', '산업', '혁명', '기업', '지원', '발굴', '설명회', '융합', '선도적', '대응', '접목']",산업
"['책', '클럽', '전', '독서', '광주', '남', '톡', '최우수', '상', '팀', '나']",문화
"['차량', '털이', '범', '현장', '검거', '사건', '통합', '관제', '센터', '늘', 'ㄴ', '데', '요원', '월', '오전', '광영동', '주차', '경찰', '안전', '시민']",사건
"['광', '구좌', '개', '단체', '후원', '보육', '사업', '광양시', '재단', '정기', '릴레이', '기부', '농협', '조합장', '사', '연합회', '회장']",복지
"['협력', '업체', '간담회', '광주', '유', '탑', '그룹', '건설', '함께']",산업
"['진열대', '축제', '장터', '판매', '부스', '상인', '보', '농', '특산물']",사건
"['국립', '습지', '센터', '정밀', '조사', '종', '생물', '확인', '보호', '지역', '지정', '토론회', '찬반', '공론', '화', '추진', '광산구', '황룡강', '장', '록', '국가', '광산', '환경', '개발', '사업', '기자']",환경
"['인사', '국', '희망', '시스템', '직원', '부서', '시장', '사고', '충', '건']",근로
"['지원', '사', '회복', '지사', '처우', '보수', '교육비', '사회', '복지']",복지
"['주민', '올해', '매화', '축제', '입장료', '징수', '버스', '교통', '다압면', '계획', '대하', '잡상인', '문제', '개선']",문화
"['광', '양', '제철소', '및', '표준준수', '안전']",산업
"['억', '광', '융합', '기술', '산업', '재', '도약', '사업', '구축', '화']",산업
"['예방', '조치', '현장', '여수', '지청', '사고', '감독', '실시', '개선', '안전']",안전
"['맞춤', '형', '관광', '상품', '개발', '전', '남도', '세계', '광주', '수영', '선수권', '대회', '연계', '운영', '홍보', '남', '여행', '축제']",문화
"['활용', '문화', '유산', '보존', '관리', '억', '문화재', '남', '보수', '정비', '사업', '근대']",문화
"['문화', '콘텐츠', '영상', '산업', '전통', '공예', '분야', '전', '남도', '기업', '육성', '개', '사업', '억', '지원', '지역', '구축']",고용
"['경로당', '어르신', '않', '아파트', '이전', '문제', '입주자', '대표', '회의', '좋', '말하', '회장', '씨', '노인']",복지
"['명칭', '공모', '광주시', '지역', '가', '칭', '광주', '사랑', '카드', '상품권', '심사']",문화
"['출석', '학점', '학위', '취소', '장관', '확인', '규정', '교육부', '동', '신대', '대하', '따', '아', '르', '김', '사실', '교수', '학과']",교육
"['광', '양', '회', '지역', '경제', '활성화', '홍보', '투어', '익산시', '축제', '도시']",문화
"['노점', '상인', '회', '일부', '전통', '시장', '활성화', '광', '양', '운영', '조례', '규칙', '개정', '방식', '회가', '사업']",산업
"['일자리', '프로그램', '포스', '코', '광', '양', '제철소', '취업', '교육', '협력사']",복지
"['연휴', '급수', '수돗물', '시설']",안전
"['복지', '억', '투입', '관리', '주민', '사업', '지원']",복지
"['청소년', '보호', '시설', '알', '니', '학대', '피해', '아동', '주민', '아파트', '라', '중', '인근', '쉼터', '월', '라', '이', '고', '공사']",사건
"['경제', '보복', '강제', '징용', '배상', '일본', '정부']",해외
"['보호수', '지정', '아', '아', '직', '팻말', '나무', '수령', '야생', '녹차', '광양시', '차', '문화', '그루']",환경
"['홍보', '축산', '시설', '일제', '소독', '전', '방역', '실시']",의료
"['선정', '본부', '사업', '우수', '직원', '간담회']",금융
"['복원', '사진', '자료', '옛', '전', '남도', '청', '계획', '중', '제보', '전담', '팀']",복지
"['현대', '기아', '자동차', '설', '전국', '서비스', '방문', '고객', '특별', '무상', '점검', '차', '개', '운행']",교통
"['광주', '형', '일자리', '노사', '관계', '어', '어야', '문제']",고용
"['혁신', '성장', '사업', '규제', '자유', '특구', '광주', '테크노', '파크', '기술', '지역', '기업']",산업
"['국토', '법무부', '광주시', '스마트', '도시', '구축', '보호', '전자', '통합', '플랫폼', '사업', '연계', '안전', '상황', '관제', '센터', '제공', '영상', '정보', '재난']",안전
"['다양', '체험', '목재', '문화', '아이']",문화
"['연휴', '분석', '카카오', '오후', '설', '예상', '오전', '출발', '서울', '부산', '광주', '교통량', '늘', 'ㄹ', '사이', '시간', '분']",교통
"['조선대', '민주화', '운동', '연구원', '용역', '총탄', '흔적', '층', '월', '옛', '전', '남도', '청', '원형', '복원', '사업']",역사
"['광', '양', '시장', '방문', '경제', '구매']",문화
"['수출', '미니', '파프리카', '홍', '콩']",해외
"['수산', '자원', '및', '불가사리', '성게', '구제']",환경
"['안전', '밸브', '개방', '적용', '관련', '산업', '철강', '협회', '환경', '조업', '정지', '고', '로', '특성', '배출']",안전
"['취업', '여성', '새로', '하기', '센터', '직업', '상담', '과정']",고용
"['주', '토지', '사업', '구봉산', '관광', '단지', '조성', '추진', '지역', '개발']",산업
"['기초', '장애인', '연금', '인상', '시책', '노인', '및', '무료', '예방', '접종', '경우', '수급자', '기준', '생계', '급여', '천', '지원', '만원', '월']",복지
"['경찰', '인우', '보증', '허위', '출생', '신고', '쌍둥이', '씨', '받']",사건
"['공급', '사', '자재', '선급금', '지급', '포스', '코', '대하', '어', '어서']",산업
"['목포', '문화', '담', '양', '깊', '박물관', '예술']",문화
"['지지', '정책', '토론회', '문화', '김', '기술', '연구원', '설립', '산업']",문화
"['적응', '왕따', '다문화', '정', '자녀', '중도', '입국', '아이', '어려움', '지도']",복지
"['마스코트', '인형', '기념품', '판매', '광주', '세계', '수영', '선수권', '대회', '온라인', '구매', '상품']",문화
"['월', '교통', '여수', '순천', '광역', '시내', '버스', '무료', '환', '초등학생', '운영', '승']",교통
"['설비', '경쟁력', '안정적', '생산', '김', '광', '양', '제철소', '열연', '공장', '제품']",산업
"['마리', '녹색', '연합', '두꺼비', '로드', '키', '조사', '발생', '진상면', '비', '촌', '마을', '앞', '도로', '조성', '이동', '지나', '생태', '통로', '문제']",환경
"['점검', '공동', '주택', '대하', '품질', '검수', '세대']",주거
"['콘텐츠', '활용', '사업', '추진', '협약', '어린이', '테마', '파크', '조성', '교육', '협력', '체험', '개발']",교육
"['어패류', '해수', '비브리오', '패혈증', '발생', '바닷물']",의료
"['횡단', '사고', '곳', '설치', '사업', '교통', '도시', '억', '월', '통합', '가로', '시설물']",안전
"['비상계단', '사물함', '신고', '포', '상제', '광주', '건', '제도', '비상구', '적치', '주', '이용', '발생', '지나', '소', '방', '따', '아', '르', '행위', '불법', '포상', '건수', '지급', '본부']",안전
"['광산구', '부당', '해고', '공공용', '쓰레기', '봉투', '집', '노동', '씨', '장', '횡령']",고용
"['광주시', '업무', '보고', '전담', '인력', '부서', '설치', '시급', '정', '염주', '실내', '빙상', '장', '개', '보수', '공사', '선수', '훈련', '미세', '먼지', '의원', '환경', '연구원', '측정', '대기', '곳', '운영', '월', '없', '이용', '김']",환경
"['일자리', '지역', '활성화', '문화', '도시', '주민', '사람', '중심', '서구', '슬', '지', '원']",고용
"['관광', '김', '지사', '실', '관광객', '자', '정부', '사업']",문화
"['공장', '공급', '기업', '지역', '스마트', '구축', '광주', '테크노', '파크', '전', '억']",산업
"['그룹', '실적', '금호', '아시아', '나', '이익', '조', '천', '억', '올해']",산업
"['수상', '개인', '부문', '우수', '광주시', '김', '조례', '단체', '최고', '대상', '진로', '체험', '지원']",문화
"['한국', '콘텐츠', '진흥원', '중남미', '한류', '멕시코', '수출', '상담', '국내', '기업']",해외
"['전', '남', '문', '위원', '미래', '유산', '주장', '지역', '문화', '지정', '근', '보존', '지역', '민', '현대', '기억', '속', '어', '어야', '생활']",문화
"['범', '대위', '환경부', '조건부', '협의', '환경', '영향', '평가', '추진', '발전소', '사업', '계획', '철회', '본안', '반대', '광', '양', '바이오', '발전', '광양만', '총량', '없', '사업자', '대기', '지역', '관리']",환경
"['운영', '스포츠', '광', '양', '클럽', '체육', '회장', '종목', '계획', '학교', '선수', '생활']",문화
"['물동량', '억', '증액', '광', '항로', '개설', '유지', '인센티브', '제도', '유치']",산업
"['투표', '거소', '신고', '선관위', '신고서']",선거
"['야간', '운전', '도로', '사고', '용강', '정수장', '사곡', '주유소', '녹지', '형', '중앙', '분리대', '설치', '공사', '국도', '호선', '구간', '가로등', '때문', '요구', '해당', '어', '어', '렵', '늘', 'ㄴ', '데', '광양시']",교통
"['단계', '입찰', '협력', '사장', '사우디', '알', '원전', '전력', '한전']",산업
"['감사', '적발', '건', '지정', '고시', '미', '실시', '감리', '소홀', '전', '사방', '사업', '대하', '결과', '사', '방지', '하자', '검사', '배치', '기준', '않', '설계']",사건
"['소규모', '단지', '안전', '노후', '공동', '주택', '시설', '개선', '억', '아', '파트', '중소형', '관리', '사업', '주거', '환경', '사업비']",주거
"['광양시', '및', '발전', '지역', '선거', '시민', '공약']",선거
"['당', '의원', '세력', '진보', '손', '대표']",선거
"['광양시', '중소기업', '청년', '지원', '취업자', '주거비', '사업', '대상자', '받']",주거
"['광주', '체불', '임금', '억', '전년', '노동청', '건설', '현장', '명절', '근로자', '예방', '및']",근로
"['중', '마', '시장', '장애인', '화장실', '수개월', '고장', '반복', '외부']",복지
"['민주당', '남도', '지사', '김', '영록', '후보', '전', '남', '도민']",선거
"['역사', '문화', '자료', '보존', '광', '양', '문서', '책', '어', '어', '렵', '필요', '찾', '도서']",역사
"['버스', '교육청', '예산', '듀', '택시', '운행', '이용', '학생', '농어촌', '통학']",교통
"['신안', '천사', '대교', '목포', '해상', '케이블카', '개통', '남도', '서남권', '섬', '해양', '관광', '월', '무안', '상품', '개발', '자원', '특화', '체험']",교통
"['광주', '전', '남', '월', '임용', '초등학교', '교사', '합격자', '교육청', '유치원', '특수', '학교', '명이', '초등', '여성']",고용
"['통합', '방위', '회의', '평화']",안전
"['전기', '요금', '중소기업', '저', '의', '전력']",복지
"['크렁크', '올', '러', '디', '양조', '중국', '시장', '입', '크렁크', '바', '보해', '매출', '베트남']",해외
"['구직', '알바', '생', '낳', 'ㄴ', '시간', '최저', '임금', '천', '인상', '않', '주']",고용
"['시민', '평가', '시장', '공약', '추진', '상황', '사항', '개', '사업', '중', '이행', '대하']",선거
"['시장', '상인', '소', '상공인', '예산', '광주', '억', '상', '권', '사업']",복지
"['강화', '금연', '정책', '단속', '건강', '증진', '법', '흡연', '정부', '구역', '달', '는', '담배', '않', '지정', '지', '만', '규제', '실내']",안전
"['증상', '발생', '당부', '중동', '메', '르스', '낙타', '여행']",의료
"['의도적', '알', '니', '전', '제작', '설치', '작가', '의도', '작품', '라', '는', '의견', '사고', '찌그러지', '간판', '어', '어서', 'ㄴ', '지', '김', '씨', '좋', '주', '안내판']",교통
"['농협', '조합원', '선거', '앞', '두', '담', '양', '지급', '상품권']",사건
"['광', '양', '공동', '추진', '지역', '세계', '중요', '농업', '유산', '지정', '섬진강', '재첩', '국가', '어업', '하동군', '지나', '통하', '보전', '전통', '평가']",문화
"['발전소', '범', '대위', '기자', '시민', '살', 'ㄴ', '자', '계획', '잇']",사건
"['고려인', '마을', '협약', '사회', '협력', '장학', '조선대', '김', '박', '위원장', '지원']",교육
"['월', '산림', '산물', '선발']",고용
"['월', '광', '양', '순천', '광역', '시티', '투어', '버스', '운행', '업체', '관광']",교통
"['장애인', '건립', '재활', '병원', '보건', '의료', '유치', '시설', '올해', '사업', '편의', '복지', '건강', '공모', '지원', '장애', '및', '기관', '지역', '검진', '지정', '서비스']",복지
"['도로', '철도', '공항', '설계', '지방도', '전', '지역', '사업', '추진', '반영', '지원', '광주', '공사', '계획', '확보', '키']",교통
"['버스', '승강장', '설치', '이용', '시민', '편의', '대중교통', '시설', '개소']",교통
"['유', '탑', '그룹', '경영', '자']",산업
"['자동차', '지원', '차량', '보조금', '받', '지', '급']",교통
"['정부', '공모', '대응', '동구', '지역', '형', '생활', '사업', '발굴', '확충', '분야', '시설', '걸', 'ㄴ', '조', '천', '억']",주거
"['시장', '지목', '동참', '김', '의장', '번째', '문장', '필사', '독립', '성희', '챌린지']",역사
"['광주시', '완료', '사업', '진월', '효천', '지구', '해소', '남구', '및', '진', '출입', '개선', '공사', '보이', '교통', '추진']",교통
"['모델', '출시', '기아', '쏘울', '세대', '부스터', '판매', '차', '천', '충전']",산업
"['항만', '공사', '증가', '광', '양항', '배후', '단지', '물동량', '기업']",산업
"['교육청', '학생', '공간', '대상', '기숙사', '폐지', '운영', '학교']",교육
"['어린이집', '월', '아이', '전용', '어린이', '보육', '재단', '사업', '기준', '선정', '심사', '평가']",복지
"['고의', '급제동', '진로', '방해', '폭행', '보복', '운전', '범죄', '건']",교통
"['연속', '생산량', '협회', '자동차', '세계', '대', '멕시코', '위', '한국', '산업', '따', '아', '르', '전년', '천', '녀', '말', 'ㄹ', '천대', '만대', '생산', '경쟁력']",산업
"['기탁', '광양시', '어린이', '보육', '재단', '후원', '주', '대표', '만원', '지역']",복지
"['도의원', '선거구', '이용', '재', '민주당', '선거', '후보', '평화', '당', '무소속', '이기', '의원', '남기', '호', '보', '대']",선거
"['남구', '재난', '상황', '발생', '자동', '음성', '통보', '시스템', '구축', '곳', '지역', '공사']",안전
"['학', '폭위', '학교', '폭력', '않', '학생', '피해']",교육
"['동백', '자원', '활용', '행사', '진행', '특화', '상품', '개발', '지역']",문화
"['남구', '도시', '재생', '사업', '광주', '백운', '광장', '청년', '어', '어야', '시', '키', '사람', '지역']",교통
"['비용', '농업', '농촌', '전', '소득', '농', '지원', '농정', '혁신', '현장', '조성', '인의', '계획', '농가', '확대', '천', '식품', '환경', '축산', '농산물']",복지
"['배수', '개선', '사업', '억', '확보', '진월면', '상습', '침수', '예산']",안전
"['의원', '국회', '국회의원', '국민', '정', '양당']",사건
"['시승', '이벤트', '대', '기아', '귀향', '차량', '고객', '차']",산업
"['수자원', '확보', '한국', '간척', '기술', '수준', '농어촌', '공사', '총람', '농업', '대하', '경우']",산업
"['음주', '윤창', '호법', '시행', '단속', '건수', '건', '면허', '감소', '건으로']",안전
"['기자', '광양시', '상공인', '협의회', '광장', '불매', '운동', '선언', '일본', '제품', '시민', '동참', '않']",문화
"['재능', '봉사', '은퇴', '자원', '활동']",복지
"['천', '건', '법률', '무료', '이용', '상담', '서비스', '제공', '홈', '닥터', '남구', '계층', '및', '녀']",복지
"['경찰', '씨']",사건
"['올해', '지원', '전', '여성', '농어', '업인', '행복', '농업', '카드']",복지
"['포스', '코', '기술', '대학']",교육
"['당', '윤', '원내', '대표', '의원', '목포', '대하']",사건
"['국방부', '후보지', '광주시', '군', '공항', '이전', '사업', '주민']",주거
"['광양시', '국어', '자치', '의정', '자료집']",교육
"['산업', '복지', '부모', '사랑', '효', '돌', '로봇', '활용', '사회적', '약자', '지원', '사업', '도시', '주']",복지
"['정민', '후보', '행복', '도시', '중']",선거
"['위원장', '광양만', '권', '대기', '오염', '대책위']",환경
"['대출', '이자', '지원', '소득', '기준', '완화', '만원', '사회', '금액', '신혼부부', '외', '맞벌이', '자녀']",주거
"['경제', '청', '건축', '예정', '대책위', '광', '양', '알루미늄', '공장']",산업
"['여점원', '강도', '순찰', '편의점', '사건', '발생', '혼자', '근무', '범죄', '경찰']",사건
"['전', '남', '열대', '단지', '조성', '육성', '아열대', '재배', '지대']",산업
"['해석', '백운산', '국립공원', '추진', '준비위', '구성', '기재', '법률', '서울대', '무상', '양도', '알', '니', '법률적', '문제', '부', '어', '어야', '지키기', '협의회', '회의', '상임', '대표', '경재', '대외', '실무', '위원장', '위원회']",문화
"['시민', '시간', '강사', '강', '사법', '대학', '관련']",고용
"['이송', '국민', '청원', '의식', '필리핀', '씨']",사건
"['롯데', '백화점', '광주', '점', '가전', '상품', '혼수', '행사']",산업
"['발달', '장애인', '주간', '활동', '서비스', '제공', '기관', '지원', '참여', '프로그램']",복지
"['경찰', '금융', '전화', '사기', '집', '씨', '조사', '일당']",사건
"['대형', '소방', '시설', '대상', '이용', '다중', '안전', '관리', '점검', '시설물', '조치']",안전
"['가구', '편식', '나물', '제품', '명절', '음식', '준비', '간편', '신장', '세트', '설', '프리미엄', '갈비']",주거
"['황금', '돼지', '저금통', '판매량', '같', '기', '간', '늘', '증가']",산업
"['안전', '강화', '기본', '트림', '디젤', '모델', '마스터', '프레스', '티', '천', '만원']",산업
"['어르신', '대표', '아파트', '경로당', '이용', '옮', '기', '주민', '않', '현수막', '이에', '대하', '말', '없', '는데', '씨']",복지
"['농어촌', '상생', '기금', '출연', '농어', '기업']",복지
"['복지', '발굴', '북구', '사각지대', '개', '지자체', '사회', '서비스', '시책', '지역', '주민']",복지
"['월', '고용', '안정', '무기', '계약', '전환', '유치원', '기간', '제', '교사', '교육청', '방과', '후', '과정']",고용
"['민주당', '평화', '당', '미래', '지역', '다짐', '광주', '전', '국립', '민주', '묘지', '참배', '광주시', '위원장', '대표', '기자']",역사
"['이', 'ㄴ', '사업주', '월', '지급', '안정', '자금', '신청', '센터', '일자리', '지원', '최저', '임금', '고용']",고용
"['곽', '검사', '수사관', '사건', '수사', '선정', '광주', '지검', '모범', '공사', '받', '뇌물', '구속', '범죄', '도박', '사이트']",안전
"['실업률', '실업자', '만명', '고용', '광주', '전', '남', '증가', '연간', '이후', '가장', '지역', '월', '취업자', '천', '녀', '보다', '지난해', '전년', '천명', '하락', '아', '었', '률', '동', '월', '대비', '상승']",고용
"['월', '지역', '중소기업', '청년', '학자금', '대출', '상환', '지원', '사업']",복지
"['비용', '영업', '이익', '연속', '천', '억', '제주', '항공', '매출', '지난해']",산업
"['장애인', '교통', '약자', '광주시', '저상', '버스', '대', '도입', '노선', '운행', '광주']",복지
"['문화재', '보존', '주민', '원도', '단체', '없', '도시', '재생', '사업', '기자', '회견', '구도심', '밝히', '서산', '지구', '조선', '내화', '목포', '근대', '역사', '문화', '공간', '지역']",주거
"['남양', '건설', '마', '형', '렬', '회장', '서', '전', '정신', '목표', '어', '어야', '올해', '성장']",산업
"['단체', '교섭', '잠정', '합의', '금호', '타이어', '노사', '경영', '정상화', '운영']",근로
"['업체', '적자', '폐업', '광주', '공항', '시내', '버스']",교통
"['광주', '추행', '교사', '혐의', '씨', '학생', '월']",교육
"['대책위', '농어촌', '공사', '내부', '감사', '양측', '권익', '위', '권고', '피해', '차', '중재', '따르']",사건
"['천', '서구', '노후', '지원', '노인', '사회', '활동', '사업', '형']",고용
"['호반', '도시', '공사', '협약', '체결', '포기', '레지', '던스', '호텔', '운영', '광주시', '광주', '등산', '조성', '사업', '협상', '따', '아', '르', '측', '요구', '시설']",산업
"['음주', '사고', '광주', '전', '남', '건', '경찰', '단속', '설', '연휴', '관리', '운전', '않', '발생', '기간', '교통']",사건
"['스쿨', '존', '횡단', '설치', '희망', '서관', '도로', '무단', '사고', '씨', '군', '않', '아이']",교통
"['롯데', '광주', '점', '판매', '김', '영란', '법', '영향', '만원', '백화점', '선물', '세트', '정육', '상품', '설', '가장', '인기', '신장', '준비', '호', '지역']",문화
"['도시', '정비', '개정', '조례', '광주시', '세입자', '사업', '협의', '과정']",주거
"['음주', '지역', '오비', '사회', '공헌', '브랜드', '좋', '세', '상', '맥주', '활동', '펼치']",산업
"['글로벌', '광', '양', '제철소', '지역', '아동', '센터', '개선', '시설']",복지
"['실시', '계획', '완료', '사업', '목성', '지구', '도시', '개발', '전라', '따', '아', '르', '공사', '월', '주택', '부영', '변경']",산업
"['지구', '개발', '순조', '개', '택지', '활성화', '도시', '사업', '세대', '수용', '추진', '월', '계획', '토목', '공사', '으', '며', '지역', '크']",산업
"['견본', '주택', '오픈', '위치', '단지', '교육', '광양시', '광', '양']",주거
"['조성', '생태', '하천', '복원', '사업', '광주', '천', '시민', '아리랑', '문화', '물길', '관광', '연계', '실천', '과제']",문화
"['수영', '조직위', '입장권', '판매', '구매', '단체', '월']",문화
"['주민', '중', '마초', '학부모', '소통', '행정', '부지', '요구', '광양시', '않', '아이', '안전', '나', '았', '광', '과정', '서']",주거
"['정의', '당', '대표', '지방', '선거', '후보', '않', '서', '어', '정치', '선거구']",선거
"['법', '우선', '분양', '임대', '아파트', '입주민', '송', '보', '차', '정기', '산업', '받', '사업자', '주택', '세대', '부적격', '판정', '승계']",주거
"['민주', '인권', '평화', '급', '직위', '전', '남대', '석사', '취득', '학과']",고용
"['기준', '점검', '축산물', '유통', '실시', '업체', '및', '판매', '제품']",안전
"['해양', '산업', '크', '아', '슬', '확정', '사업', '반영', '광', '양항', '기반', '억', '설치', '배후', '단지', '전력', '공급', '시설', '부두', '틀', '항만']",산업
"['해피', '데이', '시민', '보호소', '마련', '유기', '동물', '대하', '중', '보호', '노조', '사항']",사건
"['직장인', '중', '세뱃돈', '천', '경비', '가장', '대', '답하']",금융
"['납부', '안내', '실태', '조사', '영치', '시민', '채용', '체납자', '처분', '체납액', '및', '운영', '대하', '체납', '징수', '실시']",고용
"['의원', '도서관', '건립', '중', '특화', '전문', '서관', '지역', '운영', '곳']",문화
"['지구', '대원', '전자', '발찌', '대', '도주', '끊', '씨', '여성']",사건
"['학교', '정비', '교육청', '사업', '개', '운영', '업무', '교육', '현장']",교육
"['천', '필지', '서비스', '조상', '땅', '찾', '토지', '신청', '경우']",주거
"['광주', '공동체', '대표', '봉사', '알', 'ㄹ', '리', '필리핀', '보', '홀', '의료', '단장']",해외
"['편의점', '자영업자', '지', '만', '지난해', '최저', '늘', 'ㄹ', '씨', '경기', '현재', '지수', '월', '떨', '어', '지', '향후', '전망']",산업
"['지방도', '억', '투입', '개', '지구']",교통
"['광', '양', '경제', '청', '주민', '공장', '환경', '피해', '없', '알루미늄', '세풍', '견학', '현장']",환경
"['및', '전기', '기술', '교육', '취업']",고용
"['대', '환경', '미화원', '안전', '작업', '서구', '도입', '중심', '청소차', '근로자', '차량']",환경
"['광양시', '처리', '분석', '결과', '발표', '수재', '슬래그', '생산', '시설', '발생', '기준치', '환경', '공개', '항목', '폐기물', '라']",환경
"['점검', '월', '개통', '김', '천사', '대교']",교통
"['출생', '증가', '정책', '방향', '지역', '삶', '지난해', '인구', '사망', '저출산', '라', '는', '월', '사회']",사건
"['억', '확보', '광주', '고용', '공모', '연속', '사업', '개', '선정', '북구', '지역', '산업', '형', '일자리', '창출', '지원', '청년', '창업', '인력', '양성']",고용
"['해당', '기관', '방문', '추진', '중소기업', '연수원', '유치', '공단', '광', '양', '지사', '승격', '권', '경남', '서부', '기업', '계획', '중기', 'ㄴ', '단', '관리']",근로
"['탈락', '업체', '이의', '제기', '공원', '사업', '우선', '협상', '대상자', '재평가', '광주시', '중앙', '지구', '금호', '행정', '절차']",사건
"['치유', '산림', '복지', '조성', '백운산', '지구', '휴양림', '숲', '시설']",복지
"['지원', '사업', '보안', '서비스']",산업
"['분야', '공약', '사업', '시장', '사람', '기자', '광양시', '연대', '회의', '시민', '단체', '대', '대하', '정책', '개발', '재검토']",사건
"['균형', '사업', '지원', '전', '남도', '부처', '지역', '발전', '투자', '협약', '시범', '계획', '선정', '개']",복지
"['대상', '수상', '작품', '비슷', '시리즈', '활동', '표절', '김', '작가', '출품', '미술', '심사', '논란', '대전', '씨', '않', '섬진강', '같', '채']",문화
"['양림동', '문화', '마을', '관', '트리', '피케이', '션', '현상', '임대료', '상권', '아', '었', '젠', '도시', '주민', '면', '서', '한옥', '지역']",문화
"['개', '분석', '물가', '보다', '요금', '녀', '배', '상승', '아', '었', '직장인', '천', '오', '르', '올', '르', '천', '원']",교통
"['업무', '시민', '고용']",복지
"['평상', '영업', '단속', '백운산', '대', '계곡', '불법', '바가지', '요금', '또한', '행위', '대하', '았', '않']",문화
"['상승률', '녀', '주택', '오름세', '전국', '단독', '가격', '연속', '보이', '지난해', '상승', '아파트', '지방', '월', '서울', '높']",주거
"['신문', '광주', '매일', '지역', '발전', '우선', '지원', '대상', '선정', '일보']",문화
"['참여', '구민', '운동', '교통', '안전', '먼저', '추진', '북구', '친절', '실천']",안전
"['주민', '공사', '마을', '황', '방', '매립지', '황금산', '조성', '관련', '집회', '요구', '측', '입장', '먼지', '발생', '매립', '굴', '철거', '폐기물', '한양', '건설', '지', '만', '허가', '받', '보상', '처리', '어', '어서']",사건
"['억', '국내', '경차', '시장', '광주시', '생산', '법인', '현대', '차', '신설', '투자자']",산업
"['옛', '광주', '교도소', '개발', '정부', '계획', '철회']",역사
"['카드', '개인', '고객', '이벤트', '해외', '이용', '통', '하', '만원', '권', '업종']",금융
"['도시', '재생', '청년', '캠프', '톤', '사업']",산업
"['참여', '기업', '동반', '성장', '혁신', '허브', '광', '워크숍', '기관', '활동']",산업
"['복지', '정책', '전', '남도', '여성', '추진', '장애인', '사업', '지원']",복지
"['기업', '경기', '경영', '올해', '전망', '리스크', '사업', '계획']",산업
"['현장', '소독', '점검', '방역', '김', '석기', '농협', '전', '남', '지역', '본부장', '기간', '철새', '발생']",안전
"['시장', '성과', '공공', '기관', '시정', '혁신', '창출', '계획']",근로
"['프', '랜', '차', '이즈', '협약', '한국', '식품', '유통', '수출', '용', '딸기', '유명', '앤', '주식', '회사', '생산자', '비', '규격품']",산업
"['연구', '팀', '가스', '하이드', '레이트']",환경
"['억', '사업', '추진', '투자', '심사', '예술', '대교', '건립', '주민', '센터', '지구', '총', '사업비']",문화
"['광주', '청구', '무죄', '민주화', '운동', '검찰', '직권', '재심', '형사', '보상', '받', '선고', '씨', '행위']",사건
"['경모', '정', '소통', '태인', '동장', '어르신']",복지
"['일자리', '안정', '자금', '지원', '고용', '사업주']",복지
"['광', '양', '관광', '설사', '강좌', '강의', '시민', '없', '광양시', '문화', '평가', '열', 'ㄹ', '매화', '축제']",문화
"['이후', '판매액', '판매점', '곳', '지나', '로또', '복권', '경기', '지난해', '천', '최고', '기록', '억', '총']",금융
"['번째', '물동량', '광', '여수', '양항', '억', '달', '김', '전', '천', '사업', '시설']",해외
"['경미', '범죄', '심사', '즉결', '심판', '건수', '폐지', '생계', '형', '광주', '훔', '하', '지', '경비원', '씨', '주', '경찰', '녀', '건']",사건
"['완도', '진도', '항', '부두', '터미널', '항만', '공사', '완료', '없', '여객선']",교통
"['체험', '휴양', '산달', '뱅이', '마을', '농촌']",문화
"['월', '광주', '전', '남', '전년', '동', '대비', '감소', '중심', '증가', '상승', '가격']",산업
"['창의', '예술', '음악', '개교', '전', '창', '지역', '시설', '학생', '교육', '발전', '지원', '광양시', '도시']",교육
"['특별', '지도', '점검', '노사', '광', '양', '교통', '임금', '분', '노조', '지나']",근로
"['품종', '확보', '재배', '백운산', '토종', '농가', '소득', '복분자', '농약', '관리']",산업
"['차', '지원', '확대', '사업', '통', '하', '광', '양', '매실', '매화', '빵', '소', '포장']",산업
"['동반', '성장', '위원회', '중앙회', '협력', '기업', '협약', '격차', '우수', '포스', '코', '중소기업', '억', '지원', '회장', '성과']",산업
"['광주시', '전', '남도', '한전', '공대', '발전', '김', '남', '세계적', '광주', '기자']",교육
"['플랜트', '건설', '노조', '협약', '근로자', '교육', '훈련', '사업', '지원']",교육
"['서진', '건설', '함', '평', '사포', '관광지', '개발', '전', '천', '억', '투자', '협약', '김', '권', '유발', '효과']",산업
"['범', '대위', '발전소', '반대', '시민', '시의회', '집회', '지나', '환경', '화력']",사건
"['지역', '소', '상공인', '사업', '지원', '자금', '광주', '카드', '경영', '전통', '시장', '억', '업체', '공제']",산업
"['아파트', '공동체', '활성화', '동구', '마을', '만들기', '지원', '사업', '주민']",문화
"['비상', '조', '천', '억', '비용', '절감', '올해', '예상', '한전', '자회사', '이익', '발전']",산업
"['항만', '공사', '밸런스', '인더스', '트리', '지역', '취약', '계층', '광', '활동']",복지
"['둔치', '주차장', '축제', '사고', '관광객', '닿', '니', '셔틀', '버스', '너무', '많', '인도', '도로', '사람', '자전거', '요원', '안전']",교통
"['울퉁불퉁', '홈', '플러스', '없', '주차장', '내려앉']",안전
"['창구', '업무', '국민', '은행', '고객', '불편', '파업']",금융
"['환경', '개발', '기술', '광', '적용', '미세', '먼지', '연구', '센터', '현판', '제막식', '포스', '코', '산업', '문제', '해결']",산업
"['광주', '금품', '불법', '행위', '경찰', '선거', '단속', '수사']",안전
"['김', '재무', '후보', '선거', '광', '양', '회사']",선거
"['컨설팅', '사업', '설명회', '기업', '지원', '광주', '본부', '세관', '수출', '활용', '및']",산업
"['대', '국제', '서포터', '즈', '영어', '광주', '세계', '수영', '대회', '광산구', '선수권', '알리']",고용
"['위반', '재판', '광주', '전', '받', '혐의', '심', '징역', '선고', '기소', '군수']",선거
"['도서관', '작가', '초청', '강연', '독서', '문화', '행사', '용강', '공연', '서관', '그림책']",문화
"['연구', '기관', '기업', '지원', '센터', '인프라', '구축', '에너지', '형', '조성', '추진', '신산업', '집중', '육성', '통', '하', '성장', '신', '산업', '개발', '및', '지역', '확보', '광주', '기술', '관련', '전력', '올해', '단지', '사업']",산업
"['주민', '부지', '북구', '쌈지', '공영', '주차장', '조성', '개소']",주거
"['광', '양', '제철소', '처분', '회의', '소', '조업', '정지', '전', '경제']",사건
